Наименование,Цена
Встраиваемый холодильник без морозильника DEXP BIS2-0140AHE,24999
Встраиваемый холодильник DEXP BIB220AMA,29999
Встраиваемый холодильник DEXP Fresh BIB420AMA,31299
Встраиваемый холодильник без морозильника Bosch Serie 6 KUR15A50RU,36799
Встраиваемый холодильник без морозильника Schaub Lorenz SLS E136W0M,38499
Встраиваемый холодильник DEXP BIB4-0250AHE,39499
Встраиваемый холодильник без морозильника MAUNFELD MBL88SW,42499
Встраиваемый холодильник MAUNFELD MBF88SW,45499
Встраиваемый холодильник без морозильника Beko BU1100HCA,45999
Встраиваемый холодильник Scandilux CSBI249M,46799
Встраиваемый холодильник без морозильника Kuppersberg VBMR 134,47499
Встраиваемый холодильник без морозильника Haier HUL110RU,47999
Встраиваемый холодильник Hansa BK318.3FVC,48999
Встраиваемый холодильник Haier HUR100RU,49999
Встраиваемый холодильник Haier HRF229BIRU,55999
Встраиваемый холодильник ZUGEL ZRI1781NF,55999
Встраиваемый холодильник Hansa BK2815.0N,57499
Встраиваемый холодильник Zigmund & Shtain BR 03.1772 SX,57499
Встраиваемый холодильник без морозильника Schaub Lorenz SL SE311WE,58499
Встраиваемый холодильник Indesit IBD 18,58799
Встраиваемый холодильник Gorenje NRKI4182P1,59499
Встраиваемый холодильник Beko BCHA2752S,59999
Встраиваемый холодильник Graude IKG 180.1,61199
Встраиваемый холодильник Gorenje RKI2181E1,63499
Встраиваемый холодильник без морозильника Korting KSI 1855,63799
Встраиваемый холодильник Beko BCSA2750,63999
Встраиваемый холодильник Gorenje RKI2181A1,71999
Встраиваемый холодильник Gorenje NRKI2181E1,73499
Встраиваемый холодильник Beko BCNA275E2S,74999
Встраиваемый холодильник MAUNFELD MBF177NFWH,74999
Встраиваемый холодильник без морозильника Gorenje RI4182E1,76499
Встраиваемый холодильник Hotpoint-Ariston HBT 18,84799
Встраиваемый холодильник Graude IKG 180.3,85999
Встраиваемый холодильник Haier BCFT628AWRU,85999
Встраиваемый холодильник Liebherr ICSe 5103,85999
Встраиваемый холодильник Weissgauff WRKI 195 WNF,86999
Встраиваемый холодильник Electrolux LNT3FF18S,91299
Встраиваемый холодильник Haier HBW5518ERU,91999
Встраиваемый холодильник Haier HRF310WBRU,93999
Встраиваемый холодильник Samsung BRB266000WW/WT,95999
Встраиваемый холодильник Electrolux RNS8FF19S,96999
Встраиваемый холодильник Samsung BRB26600FWW,97299
Встраиваемый холодильник Samsung BRB26602FWW/EF,139999
Встраиваемый холодильник без морозильника Liebherr IRE 5100,99499
Встраиваемый холодильник LG GR-SN266LLP,100999
Встраиваемый холодильник LG GR-N266LLP,101999
Встраиваемый холодильник Liebherr ICNSf 5103,103999
Встраиваемый холодильник Samsung BRB30705EWW,148999
Встраиваемый холодильник Beko BCNA306E2S,104999
Встраиваемый холодильник Samsung BRB30602FWW,117499
Встраиваемый холодильник без морозильника Haier HCL260NFRU,105999
Встраиваемый холодильник Haier BCFT629TWRU,107999
Встраиваемый холодильник Haier HBW5519ERU,109999
Встраиваемый холодильник Electrolux LNT2LF18S,116999
Встраиваемый холодильник Electrolux LNT7TF18S,116999
Встраиваемый холодильник Samsung BRB30600FWW/EF,117499
Встраиваемый холодильник Liebherr ICNe 5103,117999
Встраиваемый холодильник Electrolux ENT7TF18S,125499
Встраиваемый холодильник Electrolux ENT6TF18S,126999
Встраиваемый холодильник Haier HRF305NFRU,126999
Встраиваемый холодильник Samsung BRB30603EWW,129499
Встраиваемый холодильник Samsung BRB26715FWW/EF,132999
Встраиваемый холодильник Liebherr ICBNSe 5123,135999
Встраиваемый холодильник Samsung BRB30705DWW,138999
Встраиваемый холодильник Samsung BRB30715EWW/EF,139499
Встраиваемый холодильник Samsung BRB26703EWW/EF,139999
Встраиваемый холодильник Samsung BRB26713EWW/EF,139999
Встраиваемый холодильник Liebherr ICNSe 5123,143499
Встраиваемый холодильник без морозильника Liebherr IRBSe 5120,143999
Встраиваемый холодильник без морозильника Liebherr IRE 4100,143999
Встраиваемый холодильник Liebherr ICNe 5123,149999
Встраиваемый холодильник без морозильника Liebherr IRBSe 5120,149999
Встраиваемый холодильник Electrolux ENS6TE19S,150999
Встраиваемый холодильник Liebherr IRBSe 5121,150999
Встраиваемый холодильник Liebherr ICND 5123-20 001,157999
Встраиваемый холодильник Beko BCNE400I35ZS,159999
Встраиваемый холодильник Liebherr IRDE 5121-20 001,169999